size,revenue_per_category,percentage_sales
L,375318.7,45.89033295
M,249382.25,30.49204445
S,178076.5,21.77346846
XL,14076,1.721076852
XXL,1006.6,0.123077292
