category,revenue_per_category,percentage_sales
Classic,220053.1,26.90596026
Supreme,208197,25.45631126
Chicken,195919.5,23.95513756
Veggie,193690.45,23.68259093
